Workbook

Sheet Portada
B2: MAKAY BEACH CLUB
B3: Sistema de Reportes — Ventas, Apertura/Cierre e Inventario
B6: CONTENIDO DEL LIBRO
B7: Apertura y Cierre | C7: Meta mensual, meta diaria, logro acumulado y % de logro por departamento
B8: Ventas Diario | C8: Ventas diarias por departamento con totales
B9: Ventas Semanal | C9: Ventas semanales por departamento con totales
B10: Ventas Mensual | C10: Ventas mensuales por departamento con totales
B11: Reporte Maestro de Ventas | C11: Ítems, producto, cantidad, PVP, rentabilidad, stock y reposición
B12: Inventario y Almacén | C12: Stock, costo, stock mínimo y reposición sugerida por ítem
B13: Orden de Compra | C13: Generada automáticamente desde ítems marcados REPONER en Inventario
B15: Cómo usar este libro:
B16: 1. Las celdas resaltadas en color claro son de captura manual (dato de entrada); el resto se calcula solo.
B17: 2. En 'Apertura y Cierre', capture la Meta mensual acumulada y el Logro acumulado diario en cada turno; la Meta diaria, % de logro y Tracking se calculan automáticamente.
B18: 3. En 'Reporte Maestro de Ventas' e 'Inventario y Almacén', complete Ítem, Producto, Cantidad, PVP/Costo y Stock; Rentabilidad y Reposición se calculan solas.
B19: 4. La hoja 'Orden de Compra' se llena sola en cuanto marque ítems como REPONER en Inventario — no requiere captura manual.

Sheet Apertura y Cierre
B2: MAKAY BEACH CLUB — Reporte de Apertura y Cierre
B3: Seguimiento diario de meta mensual acumulada vs. logro acumulado, por departamento
B5: Fecha del reporte: | E5: Turno:
B8: REPORTES DE VENTAS — APERTURA Y CIERRE POR DEPARTAMENTO
B9: Departamento | C9: Unidad de medida | D9: Meta mensual acumulada | E9: Meta diaria (meta mensual/30) | F9: Logro acumulado diario | G9: % de logro (vs. meta mensual) | H9: Tracking de logro (10%)
B10: Reservas | C10: Ocupación (%) y Ventas ($) | E10: =IF(D10="","",D10/30) | G10: =IF(OR(D10="",D10=0,F10=""),"",F10/D10) | H10: =IF(OR(D10="",D10=0,F10=""),"",F10/(D10*0.1))
B11: A&B (Alimentos y Bebidas) | C11: Ventas ($) | E11: =IF(D11="","",D11/30) | G11: =IF(OR(D11="",D11=0,F11=""),"",F11/D11) | H11: =IF(OR(D11="",D11=0,F11=""),"",F11/(D11*0.1))
B12: Spa | C12: Unidades | E12: =IF(D12="","",D12/30) | G12: =IF(OR(D12="",D12=0,F12=""),"",F12/D12) | H12: =IF(OR(D12="",D12=0,F12=""),"",F12/(D12*0.1))
B13: Surf | C13: Unidades | E13: =IF(D13="","",D13/30) | G13: =IF(OR(D13="",D13=0,F13=""),"",F13/D13) | H13: =IF(OR(D13="",D13=0,F13=""),"",F13/(D13*0.1))
B14: Eventos | C14: Rentabilidad ($) | E14: =IF(D14="","",D14/30) | G14: =IF(OR(D14="",D14=0,F14=""),"",F14/D14) | H14: =IF(OR(D14="",D14=0,F14=""),"",F14/(D14*0.1))
B15: Cocina | C15: Ventas ($) | E15: =IF(D15="","",D15/30) | G15: =IF(OR(D15="",D15=0,F15=""),"",F15/D15) | H15: =IF(OR(D15="",D15=0,F15=""),"",F15/(D15*0.1))
B16: Bar | C16: Ventas ($) | E16: =IF(D16="","",D16/30) | G16: =IF(OR(D16="",D16=0,F16=""),"",F16/D16) | H16: =IF(OR(D16="",D16=0,F16=""),"",F16/(D16*0.1))
B17: Membresía | C17: Unidades | E17: =IF(D17="","",D17/30) | G17: =IF(OR(D17="",D17=0,F17=""),"",F17/D17) | H17: =IF(OR(D17="",D17=0,F17=""),"",F17/(D17*0.1))
B18: Travel | C18: Ventas ($) | E18: =IF(D18="","",D18/30) | G18: =IF(OR(D18="",D18=0,F18=""),"",F18/D18) | H18: =IF(OR(D18="",D18=0,F18=""),"",F18/(D18*0.1))
B19: Marketing | C19: Ocupación (%) y Ventas ($) | E19: =IF(D19="","",D19/30) | G19: =IF(OR(D19="",D19=0,F19=""),"",F19/D19) | H19: =IF(OR(D19="",D19=0,F19=""),"",F19/(D19*0.1))
B20: Puertas | C20: Ocupación (%) y Ventas ($) | E20: =IF(D20="","",D20/30) | G20: =IF(OR(D20="",D20=0,F20=""),"",F20/D20) | H20: =IF(OR(D20="",D20=0,F20=""),"",F20/(D20*0.1))
B21: TOTAL / PROMEDIO GENERAL | D21: =SUM(D10:D20) -> 0 | E21: =SUM(E10:E20) -> 0 | F21: =SUM(F10:F20) -> 0 | G21: =IF(D21=0,"",F21/D21) | H21: =IF(D21=0,"",F21/(D21*0.1))
B23: Notas:
B24: • Meta mensual acumulada y Logro acumulado diario son campos de entrada manual (celdas resaltadas) — captúrelos cada apertura/cierre.
B25: • Meta diaria se calcula automáticamente como Meta mensual acumulada ÷ 30. Ajuste el divisor si el mes tiene otra cantidad de días hábiles.
B26: • % de logro = Logro acumulado diario ÷ Meta mensual acumulada.
B27: • Tracking de logro (10%) mide el avance respecto a un hito parcial del 10% de la meta mensual, útil para verificar ritmo de cumplimiento temprano en el mes.
B28: • Reservas, Marketing y Puertas se miden en Ocupación (%) y en Ventas ($) — registre ambos indicadores según corresponda en reportes complementarios.

Sheet Ventas Diario
B2: MAKAY BEACH CLUB — Ventas Diarias
B3: Ventas por departamento (por día) — cifras en $ salvo unidades donde se indique
B5: VENTAS DIARIAS
B6: Fecha | C6: Reservas | D6: A&B (Alimentos y Bebidas) | E6: Spa | F6: Surf | G6: Eventos | H6: Cocina | I6: Bar | J6: Membresía | K6: Travel | L6: Marketing | M6: Puertas | N6: TOTAL
N7: =SUM(C7:M7) -> 0
N8: =SUM(C8:M8) -> 0
N9: =SUM(C9:M9) -> 0
N10: =SUM(C10:M10) -> 0
N11: =SUM(C11:M11) -> 0
N12: =SUM(C12:M12) -> 0
N13: =SUM(C13:M13) -> 0
N14: =SUM(C14:M14) -> 0
N15: =SUM(C15:M15) -> 0
N16: =SUM(C16:M16) -> 0
N17: =SUM(C17:M17) -> 0
N18: =SUM(C18:M18) -> 0
... N37: =SUM(C37:M37) -> 0
B38: TOTAL | C38: =SUM(C7:C37) -> 0 | D38: =SUM(D7:D37) -> 0 | E38: =SUM(E7:E37) -> 0 | F38: =SUM(F7:F37) -> 0 | G38: =SUM(G7:G37) -> 0 | H38: =SUM(H7:H37) -> 0 | I38: =SUM(I7:I37) -> 0 | J38: =SUM(J7:J37) -> 0 | ... N38: =SUM(N7:N37) -> 0

Sheet Ventas Semanal
B2: MAKAY BEACH CLUB — Ventas Semanales
B3: Ventas por departamento (por semana) — cifras en $ salvo unidades donde se indique
B5: VENTAS SEMANALES
B6: Semana (Nº / Fecha inicio) | C6: Reservas | D6: A&B (Alimentos y Bebidas) | E6: Spa | F6: Surf | G6: Eventos | H6: Cocina | I6: Bar | J6: Membresía | K6: Travel | L6: Marketing | M6: Puertas | N6: TOTAL
N7: =SUM(C7:M7) -> 0
N8: =SUM(C8:M8) -> 0
N9: =SUM(C9:M9) -> 0
N10: =SUM(C10:M10) -> 0
N11: =SUM(C11:M11) -> 0
N12: =SUM(C12:M12) -> 0
N13: =SUM(C13:M13) -> 0
N14: =SUM(C14:M14) -> 0
N15: =SUM(C15:M15) -> 0
N16: =SUM(C16:M16) -> 0
N17: =SUM(C17:M17) -> 0
N18: =SUM(C18:M18) -> 0
B19: TOTAL | C19: =SUM(C7:C18) -> 0 | D19: =SUM(D7:D18) -> 0 | E19: =SUM(E7:E18) -> 0 | F19: =SUM(F7:F18) -> 0 | G19: =SUM(G7:G18) -> 0 | H19: =SUM(H7:H18) -> 0 | I19: =SUM(I7:I18) -> 0 | J19: =SUM(J7:J18) -> 0 | ... N19: =SUM(N7:N18) -> 0

Sheet Ventas Mensual
B2: MAKAY BEACH CLUB — Ventas Mensuales
B3: Ventas por departamento (por mes) — cifras en $ salvo unidades donde se indique
B5: VENTAS MENSUALES
B6: Mes | C6: Reservas | D6: A&B (Alimentos y Bebidas) | E6: Spa | F6: Surf | G6: Eventos | H6: Cocina | I6: Bar | J6: Membresía | K6: Travel | L6: Marketing | M6: Puertas | N6: TOTAL
N7: =SUM(C7:M7) -> 0
N8: =SUM(C8:M8) -> 0
N9: =SUM(C9:M9) -> 0
N10: =SUM(C10:M10) -> 0
N11: =SUM(C11:M11) -> 0
N12: =SUM(C12:M12) -> 0
N13: =SUM(C13:M13) -> 0
N14: =SUM(C14:M14) -> 0
N15: =SUM(C15:M15) -> 0
N16: =SUM(C16:M16) -> 0
N17: =SUM(C17:M17) -> 0
N18: =SUM(C18:M18) -> 0
B19: TOTAL | C19: =SUM(C7:C18) -> 0 | D19: =SUM(D7:D18) -> 0 | E19: =SUM(E7:E18) -> 0 | F19: =SUM(F7:F18) -> 0 | G19: =SUM(G7:G18) -> 0 | H19: =SUM(H7:H18) -> 0 | I19: =SUM(I7:I18) -> 0 | J19: =SUM(J7:J18) -> 0 | ... N19: =SUM(N7:N18) -> 0

Sheet Reporte Maestro de Ventas
B2: MAKAY BEACH CLUB — Reporte Maestro de Ventas
B3: Ordenar manualmente por Cantidad vendida (mayor a menor) usando el filtro de la columna — plantilla lista para llenar
B5: MAESTRO DE PRODUCTOS
B6: Ítem (código) | C6: Producto | D6: Departamento | E6: Cantidad vendida | F6: PVP ($) | G6: Costo ($) | H6: Rentabilidad ($ y %) | I6: Stock actual | J6: Stock mínimo | K6: Reposición (sugerida)
H7: =IF(OR(F7="",G7=""),"",(F7-G7)*IFERROR(E7,0)) | K7: =IF(OR(I7="",J7=""),"",IF(I7<J7,(J7*2)-I7,0))
H8: =IF(OR(F8="",G8=""),"",(F8-G8)*IFERROR(E8,0)) | K8: =IF(OR(I8="",J8=""),"",IF(I8<J8,(J8*2)-I8,0))
H9: =IF(OR(F9="",G9=""),"",(F9-G9)*IFERROR(E9,0)) | K9: =IF(OR(I9="",J9=""),"",IF(I9<J9,(J9*2)-I9,0))
H10: =IF(OR(F10="",G10=""),"",(F10-G10)*IFERROR(E10,0)) | K10: =IF(OR(I10="",J10=""),"",IF(I10<J10,(J10*2)-I10,0))
H11: =IF(OR(F11="",G11=""),"",(F11-G11)*IFERROR(E11,0)) | K11: =IF(OR(I11="",J11=""),"",IF(I11<J11,(J11*2)-I11,0))
H12: =IF(OR(F12="",G12=""),"",(F12-G12)*IFERROR(E12,0)) | K12: =IF(OR(I12="",J12=""),"",IF(I12<J12,(J12*2)-I12,0))
H13: =IF(OR(F13="",G13=""),"",(F13-G13)*IFERROR(E13,0)) | K13: =IF(OR(I13="",J13=""),"",IF(I13<J13,(J13*2)-I13,0))
H14: =IF(OR(F14="",G14=""),"",(F14-G14)*IFERROR(E14,0)) | K14: =IF(OR(I14="",J14=""),"",IF(I14<J14,(J14*2)-I14,0))
H15: =IF(OR(F15="",G15=""),"",(F15-G15)*IFERROR(E15,0)) | K15: =IF(OR(I15="",J15=""),"",IF(I15<J15,(J15*2)-I15,0))
H16: =IF(OR(F16="",G16=""),"",(F16-G16)*IFERROR(E16,0)) | K16: =IF(OR(I16="",J16=""),"",IF(I16<J16,(J16*2)-I16,0))
H17: =IF(OR(F17="",G17=""),"",(F17-G17)*IFERROR(E17,0)) | K17: =IF(OR(I17="",J17=""),"",IF(I17<J17,(J17*2)-I17,0))
H18: =IF(OR(F18="",G18=""),"",(F18-G18)*IFERROR(E18,0)) | K18: =IF(OR(I18="",J18=""),"",IF(I18<J18,(J18*2)-I18,0))
... H46: =IF(OR(F46="",G46=""),"",(F46-G46)*IFERROR(E46,0)) | K46: =IF(OR(I46="",J46=""),"",IF(I46<J46,(J46*2)-I46,0))
B48: Notas:
B49: • Rentabilidad ($) = (PVP − Costo) × Cantidad vendida.
B50: • Reposición (sugerida) se activa automáticamente cuando Stock actual < Stock mínimo, sugiriendo reponer hasta el doble del stock mínimo.
B51: • Use el autofiltro del encabezado (columna Cantidad vendida) para ordenar de mayor a menor.

Sheet Inventario y Almacén
B2: MAKAY BEACH CLUB — Inventario / Almacén
B3: Item, stock, costo y reposición — genera automáticamente la Orden de Compra
B5: INVENTARIO DE ALMACÉN
B6: Ítem (código) | C6: Descripción | D6: Unidad de medida | E6: Stock actual | F6: Stock mínimo | G6: Costo unitario ($) | H6: Reposición (sugerida) | I6: Estado
H7: =IF(OR(E7="",F7=""),"",IF(E7<F7,(F7*2)-E7,0)) | I7: =IF(OR(E7="",F7=""),"",IF(E7<F7,"REPONER","OK"))
H8: =IF(OR(E8="",F8=""),"",IF(E8<F8,(F8*2)-E8,0)) | I8: =IF(OR(E8="",F8=""),"",IF(E8<F8,"REPONER","OK"))
H9: =IF(OR(E9="",F9=""),"",IF(E9<F9,(F9*2)-E9,0)) | I9: =IF(OR(E9="",F9=""),"",IF(E9<F9,"REPONER","OK"))
H10: =IF(OR(E10="",F10=""),"",IF(E10<F10,(F10*2)-E10,0)) | I10: =IF(OR(E10="",F10=""),"",IF(E10<F10,"REPONER","OK"))
H11: =IF(OR(E11="",F11=""),"",IF(E11<F11,(F11*2)-E11,0)) | I11: =IF(OR(E11="",F11=""),"",IF(E11<F11,"REPONER","OK"))
H12: =IF(OR(E12="",F12=""),"",IF(E12<F12,(F12*2)-E12,0)) | I12: =IF(OR(E12="",F12=""),"",IF(E12<F12,"REPONER","OK"))
H13: =IF(OR(E13="",F13=""),"",IF(E13<F13,(F13*2)-E13,0)) | I13: =IF(OR(E13="",F13=""),"",IF(E13<F13,"REPONER","OK"))
H14: =IF(OR(E14="",F14=""),"",IF(E14<F14,(F14*2)-E14,0)) | I14: =IF(OR(E14="",F14=""),"",IF(E14<F14,"REPONER","OK"))
H15: =IF(OR(E15="",F15=""),"",IF(E15<F15,(F15*2)-E15,0)) | I15: =IF(OR(E15="",F15=""),"",IF(E15<F15,"REPONER","OK"))
H16: =IF(OR(E16="",F16=""),"",IF(E16<F16,(F16*2)-E16,0)) | I16: =IF(OR(E16="",F16=""),"",IF(E16<F16,"REPONER","OK"))
H17: =IF(OR(E17="",F17=""),"",IF(E17<F17,(F17*2)-E17,0)) | I17: =IF(OR(E17="",F17=""),"",IF(E17<F17,"REPONER","OK"))
H18: =IF(OR(E18="",F18=""),"",IF(E18<F18,(F18*2)-E18,0)) | I18: =IF(OR(E18="",F18=""),"",IF(E18<F18,"REPONER","OK"))
... H46: =IF(OR(E46="",F46=""),"",IF(E46<F46,(F46*2)-E46,0)) | I46: =IF(OR(E46="",F46=""),"",IF(E46<F46,"REPONER","OK"))
B48: Notas:
B49: • Reposición (sugerida) se calcula automáticamente: si Stock actual < Stock mínimo, sugiere reponer hasta el doble del stock mínimo.
B50: • Estado marca 'REPONER' cuando el stock actual está por debajo del mínimo; la hoja 'Orden de Compra' lista automáticamente estos ítems.

Sheet Orden de Compra
B2: MAKAY BEACH CLUB — Orden de Compra
B3: Generada automáticamente desde 'Inventario y Almacén' — solo ítems marcados como REPONER
B5: Fecha de emisión: | E5: Proveedor:
B7: ÍTEMS A REPONER (automático desde Inventario)
B8: Ítem (código) | C8: Descripción | D8: Unidad de medida | E8: Cantidad a ordenar | F8: Costo unitario ($) | G8: Subtotal ($)
B9: =IF('Inventario y Almacén'!I7="REPONER",'Inventario y Almacén'!B7,"") | C9: =IF('Inventario y Almacén'!I7="REPONER",'Inventario y Almacén'!C7,"") | D9: =IF('Inventario y Almacén'!I7="REPONER",'Inventario y Almacén'!D7,"") | E9: =IF('Inventario y Almacén'!I7="REPONER",'Inventario y Almacén'!H7,"") | F9: =IF('Inventario y Almacén'!I7="REPONER",'Inventario y Almacén'!G7,"") | G9: =IF(OR(E9="",F9=""),"",E9*F9)
B10: =IF('Inventario y Almacén'!I8="REPONER",'Inventario y Almacén'!B8,"") | C10: =IF('Inventario y Almacén'!I8="REPONER",'Inventario y Almacén'!C8,"") | D10: =IF('Inventario y Almacén'!I8="REPONER",'Inventario y Almacén'!D8,"") | E10: =IF('Inventario y Almacén'!I8="REPONER",'Inventario y Almacén'!H8,"") | F10: =IF('Inventario y Almacén'!I8="REPONER",'Inventario y Almacén'!G8,"") | G10: =IF(OR(E10="",F10=""),"",E10*F10)
B11: =IF('Inventario y Almacén'!I9="REPONER",'Inventario y Almacén'!B9,"") | C11: =IF('Inventario y Almacén'!I9="REPONER",'Inventario y Almacén'!C9,"") | D11: =IF('Inventario y Almacén'!I9="REPONER",'Inventario y Almacén'!D9,"") | E11: =IF('Inventario y Almacén'!I9="REPONER",'Inventario y Almacén'!H9,"") | F11: =IF('Inventario y Almacén'!I9="REPONER",'Inventario y Almacén'!G9,"") | G11: =IF(OR(E11="",F11=""),"",E11*F11)
B12: =IF('Inventario y Almacén'!I10="REPONER",'Inventario y Almacén'!B10,"") | C12: =IF('Inventario y Almacén'!I10="REPONER",'Inventario y Almacén'!C10,"") | D12: =IF('Inventario y Almacén'!I10="REPONER",'Inventario y Almacén'!D10,"") | E12: =IF('Inventario y Almacén'!I10="REPONER",'Inventario y Almacén'!H10,"") | F12: =IF('Inventario y Almacén'!I10="REPONER",'Inventario y Almacén'!G10,"") | G12: =IF(OR(E12="",F12=""),"",E12*F12)
B13: =IF('Inventario y Almacén'!I11="REPONER",'Inventario y Almacén'!B11,"") | C13: =IF('Inventario y Almacén'!I11="REPONER",'Inventario y Almacén'!C11,"") | D13: =IF('Inventario y Almacén'!I11="REPONER",'Inventario y Almacén'!D11,"") | E13: =IF('Inventario y Almacén'!I11="REPONER",'Inventario y Almacén'!H11,"") | F13: =IF('Inventario y Almacén'!I11="REPONER",'Inventario y Almacén'!G11,"") | G13: =IF(OR(E13="",F13=""),"",E13*F13)
B14: =IF('Inventario y Almacén'!I12="REPONER",'Inventario y Almacén'!B12,"") | C14: =IF('Inventario y Almacén'!I12="REPONER",'Inventario y Almacén'!C12,"") | D14: =IF('Inventario y Almacén'!I12="REPONER",'Inventario y Almacén'!D12,"") | E14: =IF('Inventario y Almacén'!I12="REPONER",'Inventario y Almacén'!H12,"") | F14: =IF('Inventario y Almacén'!I12="REPONER",'Inventario y Almacén'!G12,"") | G14: =IF(OR(E14="",F14=""),"",E14*F14)
B15: =IF('Inventario y Almacén'!I13="REPONER",'Inventario y Almacén'!B13,"") | C15: =IF('Inventario y Almacén'!I13="REPONER",'Inventario y Almacén'!C13,"") | D15: =IF('Inventario y Almacén'!I13="REPONER",'Inventario y Almacén'!D13,"") | E15: =IF('Inventario y Almacén'!I13="REPONER",'Inventario y Almacén'!H13,"") | F15: =IF('Inventario y Almacén'!I13="REPONER",'Inventario y Almacén'!G13,"") | G15: =IF(OR(E15="",F15=""),"",E15*F15)
B16: =IF('Inventario y Almacén'!I14="REPONER",'Inventario y Almacén'!B14,"") | C16: =IF('Inventario y Almacén'!I14="REPONER",'Inventario y Almacén'!C14,"") | D16: =IF('Inventario y Almacén'!I14="REPONER",'Inventario y Almacén'!D14,"") | E16: =IF('Inventario y Almacén'!I14="REPONER",'Inventario y Almacén'!H14,"") | F16: =IF('Inventario y Almacén'!I14="REPONER",'Inventario y Almacén'!G14,"") | G16: =IF(OR(E16="",F16=""),"",E16*F16)
B17: =IF('Inventario y Almacén'!I15="REPONER",'Inventario y Almacén'!B15,"") | C17: =IF('Inventario y Almacén'!I15="REPONER",'Inventario y Almacén'!C15,"") | D17: =IF('Inventario y Almacén'!I15="REPONER",'Inventario y Almacén'!D15,"") | E17: =IF('Inventario y Almacén'!I15="REPONER",'Inventario y Almacén'!H15,"") | F17: =IF('Inventario y Almacén'!I15="REPONER",'Inventario y Almacén'!G15,"") | G17: =IF(OR(E17="",F17=""),"",E17*F17)
B18: =IF('Inventario y Almacén'!I16="REPONER",'Inventario y Almacén'!B16,"") | C18: =IF('Inventario y Almacén'!I16="REPONER",'Inventario y Almacén'!C16,"") | D18: =IF('Inventario y Almacén'!I16="REPONER",'Inventario y Almacén'!D16,"") | E18: =IF('Inventario y Almacén'!I16="REPONER",'Inventario y Almacén'!H16,"") | F18: =IF('Inventario y Almacén'!I16="REPONER",'Inventario y Almacén'!G16,"") | G18: =IF(OR(E18="",F18=""),"",E18*F18)
B19: =IF('Inventario y Almacén'!I17="REPONER",'Inventario y Almacén'!B17,"") | C19: =IF('Inventario y Almacén'!I17="REPONER",'Inventario y Almacén'!C17,"") | D19: =IF('Inventario y Almacén'!I17="REPONER",'Inventario y Almacén'!D17,"") | E19: =IF('Inventario y Almacén'!I17="REPONER",'Inventario y Almacén'!H17,"") | F19: =IF('Inventario y Almacén'!I17="REPONER",'Inventario y Almacén'!G17,"") | G19: =IF(OR(E19="",F19=""),"",E19*F19)
B20: =IF('Inventario y Almacén'!I18="REPONER",'Inventario y Almacén'!B18,"") | C20: =IF('Inventario y Almacén'!I18="REPONER",'Inventario y Almacén'!C18,"") | D20: =IF('Inventario y Almacén'!I18="REPONER",'Inventario y Almacén'!D18,"") | E20: =IF('Inventario y Almacén'!I18="REPONER",'Inventario y Almacén'!H18,"") | F20: =IF('Inventario y Almacén'!I18="REPONER",'Inventario y Almacén'!G18,"") | G20: =IF(OR(E20="",F20=""),"",E20*F20)
... B48: =IF('Inventario y Almacén'!I46="REPONER",'Inventario y Almacén'!B46,"") | C48: =IF('Inventario y Almacén'!I46="REPONER",'Inventario y Almacén'!C46,"") | D48: =IF('Inventario y Almacén'!I46="REPONER",'Inventario y Almacén'!D46,"") | E48: =IF('Inventario y Almacén'!I46="REPONER",'Inventario y Almacén'!H46,"") | F48: =IF('Inventario y Almacén'!I46="REPONER",'Inventario y Almacén'!G46,"") | G48: =IF(OR(E48="",F48=""),"",E48*F48)
B49: TOTAL ORDEN DE COMPRA | G49: =SUM(G9:G48) -> 0
B51: Notas:
B52: • Esta hoja se llena automáticamente: solo aparecen los ítems que en 'Inventario y Almacén' tienen Estado = REPONER.
B53: • Cantidad a ordenar proviene de la columna Reposición (sugerida) del Inventario.
B54: • Filtre las filas vacías o use 'Ordenar y filtrar' para ocultar líneas sin ítem antes de imprimir la orden.
